Country,Total Score,R&D,Responsible AI,Economy,Talent,Policy and Governance,Public Opinion,Infrastructure
United States,77.85,9.56,14.29,14.29,7.72,9.71,8.44,13.85
China,35.1,9.61,5.72,1.26,4.56,0.53,7.51,5.9
United Kingdom,20.06,1.17,1.43,1.07,4.77,6.28,2.86,2.48
Canada,15.46,0.82,1.17,0.53,6.4,1.18,2.31,3.04
Germany,12.35,0.98,1.71,0.58,4.7,1.09,0.61,2.69
France,16.62,0.7,0.53,0.56,3.35,3.53,2.52,5.42
Japan,17.7,0.69,0.77,0.34,4.56,0.73,5.59,5.02
Italy,13.18,0.41,0.49,0.15,3.47,3.4,3.58,1.67
