Country,AI Vibrancy Score,R&D,Responsible AI,Economy,Talent,Policy and Governance,Public Opinion,Infrastructure,Index Year,IEF Overall Score,Framing Source,Word count,Innovation Framing per 1000 words,Risk Framing per 1000 words,Innovation to Risk Ratio,Log Innovation to Risk Ratio,Net Innovation Framing,Innovation Framing Share
United States,77.85,9.56,14.29,14.29,7.72,9.71,8.44,13.85,2026,72.8,Qwen framing,9440,17.871,8.485,2.093302271403611,0.7387428532004463,9.386,0.678
China,35.1,9.61,5.72,1.26,4.56,0.53,7.51,5.9,2026,48.3,Qwen framing,6906,21.832,3.102,6.849469081823861,1.9241711429672792,18.73,0.876
United Kingdom,20.06,1.17,1.43,1.07,4.77,6.28,2.86,2.48,2026,70.4,Qwen framing,9118,25.43,2.108,11.5625,2.4477671028385437,23.322,0.923
France,16.62,0.7,0.53,0.56,3.35,3.53,2.52,5.42,2026,64.6,Qwen framing,45114,9.819,1.977,4.775637939335581,1.5635275648698814,7.843,0.832
Germany,12.35,0.98,1.71,0.58,4.7,1.09,0.61,2.69,2026,71.7,Qwen framing,14518,14.89,3.914,3.734429496761335,1.31759506174036,10.976,0.792
Italy,13.18,0.41,0.49,0.15,3.47,3.4,3.58,1.67,2026,63.3,Qwen framing,18220,10.574,3.595,2.8887686062246276,1.060830323511588,6.979,0.746
Japan,17.7,0.69,0.77,0.34,4.56,0.73,5.59,5.02,2026,70.3,Qwen framing,5943,18.265,4.964,3.626579778830964,1.2882899944297557,13.301,0.786
Canada,15.46,0.82,1.17,0.53,6.4,1.18,2.31,3.04,2026,75.6,Qwen framing,8053,15.19,8.696,1.7382901318781265,0.5529019472484562,6.494,0.636
